crossover_rate_subtree,crossover_rate_node_level,mutation_rate,tournament_size,experiment,generation,test_score,population
0.5,0.1,0.4,8,0,0,-1391.9509075312722,40
0.5,0.1,0.4,8,0,1,-1391.9509075312722,40
0.5,0.1,0.4,8,0,2,-1391.9509075312722,40
0.5,0.1,0.4,8,0,3,-1486.2776564855149,40
0.5,0.1,0.4,8,0,4,-1489.3673487748306,40
0.5,0.1,0.4,8,0,5,-1391.9509075312722,40
0.5,0.1,0.4,8,0,6,-1391.9509075312722,40
0.5,0.1,0.4,8,0,7,-1398.2239841618457,40
0.5,0.1,0.4,8,0,8,-1391.9509075312722,40
0.5,0.1,0.4,8,0,9,-1398.2239841618457,40
0.5,0.1,0.4,8,0,10,-1168.4748644378453,40
0.5,0.1,0.4,8,0,11,-1168.4748644378453,40
0.5,0.1,0.4,8,0,12,-1742.810534274685,40
0.5,0.1,0.4,8,0,13,-905.0822822337531,40
0.5,0.1,0.4,8,0,14,-420.43084657417575,40
0.5,0.1,0.4,8,0,15,-458.40155142717094,40
0.5,0.1,0.4,8,0,16,-420.43084657417575,40
0.5,0.1,0.4,8,0,17,-420.43084657417575,40
0.5,0.1,0.4,8,0,18,-472.785314846381,40
0.5,0.1,0.4,8,0,19,-317.77835238243034,40
0.5,0.1,0.4,8,0,20,-332.74409823318814,40
0.5,0.1,0.4,8,0,21,-326.09415885984765,40
0.5,0.1,0.4,8,0,22,-443.8690086353216,40
0.5,0.1,0.4,8,0,23,-326.09415885984765,40
0.5,0.1,0.4,8,0,24,-307.5359198939434,40
0.5,0.1,0.4,8,0,25,-335.6040287759243,40
0.5,0.1,0.4,8,1,0,-1411.905500221856,40
0.5,0.1,0.4,8,1,1,-1391.9509075312722,40
0.5,0.1,0.4,8,1,2,-1391.9509075312722,40
0.5,0.1,0.4,8,1,3,-1507.9249626394258,40
0.5,0.1,0.4,8,1,4,-1398.3388876996678,40
0.5,0.1,0.4,8,1,5,-1525.1874224025,40
0.5,0.1,0.4,8,1,6,-912.7974439620839,40
0.5,0.1,0.4,8,1,7,-1426.267446744248,40
0.5,0.1,0.4,8,1,8,-912.3683745383232,40
0.5,0.1,0.4,8,1,9,-896.1474991585842,40
0.5,0.1,0.4,8,1,10,-890.8646219555401,40
0.5,0.1,0.4,8,1,11,-1246.7690076170466,40
0.5,0.1,0.4,8,1,12,-1018.2857368093696,40
0.5,0.1,0.4,8,1,13,-890.8646219555401,40
0.5,0.1,0.4,8,1,14,-896.5787795857602,40
0.5,0.1,0.4,8,1,15,-793.6870762712413,40
0.5,0.1,0.4,8,1,16,-1436.4739614602174,40
0.5,0.1,0.4,8,1,17,-878.1076214217153,40
0.5,0.1,0.4,8,1,18,-878.1076214217153,40
0.5,0.1,0.4,8,1,19,-1137.4194667926577,40
0.5,0.1,0.4,8,1,20,-763.8031736375618,40
0.5,0.1,0.4,8,1,21,-801.4319839661711,40
0.5,0.1,0.4,8,1,22,-763.8031736375618,40
0.5,0.1,0.4,8,1,23,-763.8031736375618,40
0.5,0.1,0.4,8,1,24,-1193.0784036410223,40
0.5,0.1,0.4,8,1,25,-1106.6837725113046,40
0.5,0.1,0.4,8,2,0,-1391.9509075312722,40
0.5,0.1,0.4,8,2,1,-1660.1201535487685,40
0.5,0.1,0.4,8,2,2,-2581.0965460830607,40
0.5,0.1,0.4,8,2,3,-1391.9509075312722,40
0.5,0.1,0.4,8,2,4,-1070.1292657810136,40
0.5,0.1,0.4,8,2,5,-1391.9509075312722,40
0.5,0.1,0.4,8,2,6,-671.579693797988,40
0.5,0.1,0.4,8,2,7,-671.579693797988,40
0.5,0.1,0.4,8,2,8,-849.7563456388337,40
0.5,0.1,0.4,8,2,9,-849.7563456388337,40
0.5,0.1,0.4,8,2,10,-849.7563456388337,40
0.5,0.1,0.4,8,2,11,-1074.6716700105324,40
0.5,0.1,0.4,8,2,12,-632.4430825463886,40
0.5,0.1,0.4,8,2,13,-632.4430825463886,40
0.5,0.1,0.4,8,2,14,-875.2602661927289,40
0.5,0.1,0.4,8,2,15,-1075.9949408655334,40
0.5,0.1,0.4,8,2,16,-1075.9949408655334,40
0.5,0.1,0.4,8,2,17,156.00446989591006,40
0.5,0.1,0.4,8,2,18,-264.2486587975101,40
0.5,0.1,0.4,8,2,19,115.25439095648849,40
0.5,0.1,0.4,8,2,20,-178.36086261166145,40
0.5,0.1,0.4,8,2,21,-303.8330892360593,40
0.5,0.1,0.4,8,2,22,115.25439095648849,40
0.5,0.1,0.4,8,2,23,-178.36086261166145,40
0.5,0.1,0.4,8,2,24,-435.2521051688808,40
0.5,0.1,0.4,8,2,25,34.107203274001506,40
0.5,0.1,0.4,8,3,0,-1391.9509075312722,40
0.5,0.1,0.4,8,3,1,-1391.9509075312722,40
0.5,0.1,0.4,8,3,2,-1391.9509075312722,40
0.5,0.1,0.4,8,3,3,-1406.4390068502848,40
0.5,0.1,0.4,8,3,4,-1391.9509075312722,40
0.5,0.1,0.4,8,3,5,-801.4780964187378,40
0.5,0.1,0.4,8,3,6,-801.4780964187378,40
0.5,0.1,0.4,8,3,7,-1061.6859534775128,40
0.5,0.1,0.4,8,3,8,-798.2201012085939,40
0.5,0.1,0.4,8,3,9,-801.4780964187378,40
0.5,0.1,0.4,8,3,10,-802.4787256335267,40
0.5,0.1,0.4,8,3,11,-798.2201012085939,40
0.5,0.1,0.4,8,3,12,-798.2201012085939,40
0.5,0.1,0.4,8,3,13,-801.4780964187378,40
0.5,0.1,0.4,8,3,14,-791.3574855578146,40
0.5,0.1,0.4,8,3,15,-791.3574855578146,40
0.5,0.1,0.4,8,3,16,-800.6163581077096,40
0.5,0.1,0.4,8,3,17,-798.2201012085939,40
0.5,0.1,0.4,8,3,18,-1135.628655225436,40
0.5,0.1,0.4,8,3,19,-767.0391239622068,40
0.5,0.1,0.4,8,3,20,-767.0391239622068,40
0.5,0.1,0.4,8,3,21,-762.6572975061395,40
0.5,0.1,0.4,8,3,22,-652.833200380263,40
0.5,0.1,0.4,8,3,23,-765.8537083200795,40
0.5,0.1,0.4,8,3,24,-652.833200380263,40
0.5,0.1,0.4,8,3,25,-652.833200380263,40
0.5,0.1,0.4,8,4,0,-1585.863082519462,40
0.5,0.1,0.4,8,4,1,-1391.9509075312722,40
0.5,0.1,0.4,8,4,2,-1386.4844141597011,40
0.5,0.1,0.4,8,4,3,-1409.6897079845962,40
0.5,0.1,0.4,8,4,4,-1392.4777699036558,40
0.5,0.1,0.4,8,4,5,-481.30683111912515,40
0.5,0.1,0.4,8,4,6,-481.30683111912515,40
0.5,0.1,0.4,8,4,7,-481.30683111912515,40
0.5,0.1,0.4,8,4,8,-379.6131137182532,40
0.5,0.1,0.4,8,4,9,-379.6131137182532,40
0.5,0.1,0.4,8,4,10,-613.4976319461684,40
0.5,0.1,0.4,8,4,11,-379.6131137182532,40
0.5,0.1,0.4,8,4,12,-613.4976319461684,40
0.5,0.1,0.4,8,4,13,-397.5668987791103,40
0.5,0.1,0.4,8,4,14,-406.4315553614233,40
0.5,0.1,0.4,8,4,15,-385.788044250952,40
0.5,0.1,0.4,8,4,16,-397.5668987791103,40
0.5,0.1,0.4,8,4,17,-397.5668987791103,40
0.5,0.1,0.4,8,4,18,-397.5668987791103,40
0.5,0.1,0.4,8,4,19,-440.54098809430974,40
0.5,0.1,0.4,8,4,20,-385.788044250952,40
0.5,0.1,0.4,8,4,21,-385.788044250952,40
0.5,0.1,0.4,8,4,22,-397.5668987791103,40
0.5,0.1,0.4,8,4,23,-397.5668987791103,40
0.5,0.1,0.4,8,4,24,-397.5668987791103,40
0.5,0.1,0.4,8,4,25,-397.5668987791103,40
0.5,0.3,0.4,8,0,0,-3643.104748866329,40
0.5,0.3,0.4,8,0,1,-736.7873710444696,40
0.5,0.3,0.4,8,0,2,-863.4410386293416,40
0.5,0.3,0.4,8,0,3,-736.7873710444696,40
0.5,0.3,0.4,8,0,4,-736.7873710444696,40
0.5,0.3,0.4,8,0,5,-407.2038261707211,40
0.5,0.3,0.4,8,0,6,-338.02059351319707,40
0.5,0.3,0.4,8,0,7,-310.57249014539764,40
0.5,0.3,0.4,8,0,8,-310.57249014539764,40
0.5,0.3,0.4,8,0,9,-411.489402144619,40
0.5,0.3,0.4,8,0,10,-263.7134249421071,40
0.5,0.3,0.4,8,0,11,-402.6064223128239,40
0.5,0.3,0.4,8,0,12,-404.56467730794566,40
0.5,0.3,0.4,8,0,13,292.4984582032962,40
0.5,0.3,0.4,8,0,14,296.58494963794374,40
0.5,0.3,0.4,8,0,15,296.58494963794374,40
0.5,0.3,0.4,8,0,16,-158.2608883898057,40
0.5,0.3,0.4,8,0,17,-108.32078604090685,40
0.5,0.3,0.4,8,0,18,90.10674689192886,40
0.5,0.3,0.4,8,0,19,-230.67228549280753,40
0.5,0.3,0.4,8,0,20,78.11478972503807,40
0.5,0.3,0.4,8,0,21,-210.06745787255443,40
0.5,0.3,0.4,8,0,22,-684.371481017683,40
0.5,0.3,0.4,8,0,23,-149.1734460634416,40
0.5,0.3,0.4,8,0,24,-684.371481017683,40
0.5,0.3,0.4,8,0,25,-144.51387907725407,40
0.5,0.3,0.4,8,1,0,-1391.9509075312722,40
0.5,0.3,0.4,8,1,1,-1391.9509075312722,40
0.5,0.3,0.4,8,1,2,-1392.4777699036558,40
0.5,0.3,0.4,8,1,3,-1391.9509075312722,40
0.5,0.3,0.4,8,1,4,-1162.2399595895545,40
0.5,0.3,0.4,8,1,5,-990.2496239366621,40
0.5,0.3,0.4,8,1,6,-990.2496239366621,40
0.5,0.3,0.4,8,1,7,-990.2496239366621,40
0.5,0.3,0.4,8,1,8,-990.2496239366621,40
0.5,0.3,0.4,8,1,9,-811.1146953528453,40
0.5,0.3,0.4,8,1,10,-811.1146953528453,40
0.5,0.3,0.4,8,1,11,-811.1146953528453,40
0.5,0.3,0.4,8,1,12,-672.5361978509637,40
0.5,0.3,0.4,8,1,13,-672.5361978509637,40
0.5,0.3,0.4,8,1,14,-672.5361978509637,40
0.5,0.3,0.4,8,1,15,-672.5361978509637,40
0.5,0.3,0.4,8,1,16,-672.5361978509637,40
0.5,0.3,0.4,8,1,17,-672.5361978509637,40
0.5,0.3,0.4,8,1,18,-1476.8311825258284,40
0.5,0.3,0.4,8,1,19,-672.5361978509637,40
0.5,0.3,0.4,8,1,20,-1476.8311825258284,40
0.5,0.3,0.4,8,1,21,-672.5361978509637,40
0.5,0.3,0.4,8,1,22,-1443.0039983434353,40
0.5,0.3,0.4,8,1,23,-672.5361978509637,40
0.5,0.3,0.4,8,1,24,-672.5361978509637,40
0.5,0.3,0.4,8,1,25,-914.0856011464723,40
0.5,0.3,0.4,8,2,0,-937.1871603825396,40
0.5,0.3,0.4,8,2,1,-937.1871603825396,40
0.5,0.3,0.4,8,2,2,-876.0358927472524,40
0.5,0.3,0.4,8,2,3,-876.0358927472524,40
0.5,0.3,0.4,8,2,4,-931.9205960112139,40
0.5,0.3,0.4,8,2,5,-795.0847081782646,40
0.5,0.3,0.4,8,2,6,-341.1544757144065,40
0.5,0.3,0.4,8,2,7,-802.6843687320498,40
0.5,0.3,0.4,8,2,8,-801.889980473893,40
0.5,0.3,0.4,8,2,9,-972.2665510473774,40
0.5,0.3,0.4,8,2,10,-566.1950821026412,40
0.5,0.3,0.4,8,2,11,-676.3123118127895,40
0.5,0.3,0.4,8,2,12,-662.5523852666511,40
0.5,0.3,0.4,8,2,13,-801.889980473893,40
0.5,0.3,0.4,8,2,14,-662.5523852666511,40
0.5,0.3,0.4,8,2,15,-909.269396181284,40
0.5,0.3,0.4,8,2,16,-909.269396181284,40
0.5,0.3,0.4,8,2,17,-1057.645825060165,40
0.5,0.3,0.4,8,2,18,-807.6239183421508,40
0.5,0.3,0.4,8,2,19,-807.6239183421508,40
0.5,0.3,0.4,8,2,20,-707.3768099191266,40
0.5,0.3,0.4,8,2,21,-902.2249734836734,40
0.5,0.3,0.4,8,2,22,-569.3790549389105,40
0.5,0.3,0.4,8,2,23,-1152.4772475902444,40
0.5,0.3,0.4,8,2,24,-1224.5549774222727,40
0.5,0.3,0.4,8,2,25,-1154.261257703975,40
0.5,0.3,0.4,8,3,0,-2044.3955709027273,40
0.5,0.3,0.4,8,3,1,-1391.9509075312722,40
0.5,0.3,0.4,8,3,2,-1391.9509075312722,40
0.5,0.3,0.4,8,3,3,-1459.3866615108625,40
0.5,0.3,0.4,8,3,4,-1255.520417918913,40
0.5,0.3,0.4,8,3,5,-1164.8092185134374,40
0.5,0.3,0.4,8,3,6,-1396.7732730991822,40
0.5,0.3,0.4,8,3,7,-1396.7732730991822,40
0.5,0.3,0.4,8,3,8,-1396.7732730991822,40
0.5,0.3,0.4,8,3,9,-1302.3479597259445,40
0.5,0.3,0.4,8,3,10,-1110.97941317516,40
0.5,0.3,0.4,8,3,11,-1302.3479597259445,40
0.5,0.3,0.4,8,3,12,-1655.4231781601995,40
0.5,0.3,0.4,8,3,13,-1247.4457387887142,40
0.5,0.3,0.4,8,3,14,-1239.2215544142136,40
0.5,0.3,0.4,8,3,15,-1046.3929148981342,40
0.5,0.3,0.4,8,3,16,-938.0967741753335,40
0.5,0.3,0.4,8,3,17,-1124.3257889815613,40
0.5,0.3,0.4,8,3,18,-1121.56949670023,40
0.5,0.3,0.4,8,3,19,-1121.56949670023,40
0.5,0.3,0.4,8,3,20,-885.3887498342998,40
0.5,0.3,0.4,8,3,21,-1125.2961478795494,40
0.5,0.3,0.4,8,3,22,-1272.7625533375333,40
0.5,0.3,0.4,8,3,23,-1125.2961478795494,40
0.5,0.3,0.4,8,3,24,-1121.56949670023,40
0.5,0.3,0.4,8,3,25,-1121.56949670023,40
0.5,0.3,0.4,8,4,0,-1518.442256281032,40
0.5,0.3,0.4,8,4,1,-1518.442256281032,40
0.5,0.3,0.4,8,4,2,-918.6532063249106,40
0.5,0.3,0.4,8,4,3,-918.6532063249106,40
0.5,0.3,0.4,8,4,4,-918.6532063249106,40
0.5,0.3,0.4,8,4,5,-918.6532063249106,40
0.5,0.3,0.4,8,4,6,-666.1561240928529,40
0.5,0.3,0.4,8,4,7,-274.3581251146291,40
0.5,0.3,0.4,8,4,8,-630.8364932231594,40
0.5,0.3,0.4,8,4,9,-45.60106281391303,40
0.5,0.3,0.4,8,4,10,-45.60106281391303,40
0.5,0.3,0.4,8,4,11,-45.60106281391303,40
0.5,0.3,0.4,8,4,12,-609.6736783350043,40
0.5,0.3,0.4,8,4,13,-45.60106281391303,40
0.5,0.3,0.4,8,4,14,-45.60106281391303,40
0.5,0.3,0.4,8,4,15,-45.60106281391303,40
0.5,0.3,0.4,8,4,16,-43.57725159782112,40
0.5,0.3,0.4,8,4,17,-43.57725159782112,40
0.5,0.3,0.4,8,4,18,-43.57725159782112,40
0.5,0.3,0.4,8,4,19,-1093.169173164641,40
0.5,0.3,0.4,8,4,20,-1093.169173164641,40
0.5,0.3,0.4,8,4,21,-43.57725159782112,40
0.5,0.3,0.4,8,4,22,-726.0315506540718,40
0.5,0.3,0.4,8,4,23,-726.0315506540718,40
0.5,0.3,0.4,8,4,24,-726.0315506540718,40
0.5,0.3,0.4,8,4,25,-726.0315506540718,40
0.5,0.5,0.4,8,0,0,-1482.264164612594,40
0.5,0.5,0.4,8,0,1,-1182.6162792022085,40
0.5,0.5,0.4,8,0,2,-1073.6311187127317,40
0.5,0.5,0.4,8,0,3,-1079.4555356834826,40
0.5,0.5,0.4,8,0,4,-1073.6311187127317,40
0.5,0.5,0.4,8,0,5,-749.8640911365994,40
0.5,0.5,0.4,8,0,6,-625.4575510363818,40
0.5,0.5,0.4,8,0,7,-357.9261095710759,40
0.5,0.5,0.4,8,0,8,-357.9261095710759,40
0.5,0.5,0.4,8,0,9,-31.69541078903781,40
0.5,0.5,0.4,8,0,10,-138.35301602709913,40
0.5,0.5,0.4,8,0,11,-31.69541078903781,40
0.5,0.5,0.4,8,0,12,146.8532096282596,40
0.5,0.5,0.4,8,0,13,13.906353353855508,40
0.5,0.5,0.4,8,0,14,-75.26570779458099,40
0.5,0.5,0.4,8,0,15,13.906353353855508,40
0.5,0.5,0.4,8,0,16,218.84860965613063,40
0.5,0.5,0.4,8,0,17,218.84860965613063,40
0.5,0.5,0.4,8,0,18,177.27618648011833,40
0.5,0.5,0.4,8,0,19,227.6794010604384,40
0.5,0.5,0.4,8,0,20,166.47928896407285,40
0.5,0.5,0.4,8,0,21,199.96951800821535,40
0.5,0.5,0.4,8,0,22,87.73519467087519,40
0.5,0.5,0.4,8,0,23,454.4177956124207,40
0.5,0.5,0.4,8,0,24,486.6957813729347,40
0.5,0.5,0.4,8,0,25,737.1808955095178,40
0.5,0.5,0.4,8,1,0,-2265.312990360237,40
0.5,0.5,0.4,8,1,1,-2265.312990360237,40
0.5,0.5,0.4,8,1,2,-876.4607814334363,40
0.5,0.5,0.4,8,1,3,-1120.74371605969,40
0.5,0.5,0.4,8,1,4,-1519.7468093525708,40
0.5,0.5,0.4,8,1,5,-1519.7468093525708,40
0.5,0.5,0.4,8,1,6,-399.1191217135654,40
0.5,0.5,0.4,8,1,7,-358.61229474887193,40
0.5,0.5,0.4,8,1,8,-364.78755007356915,40
0.5,0.5,0.4,8,1,9,-364.78755007356915,40
0.5,0.5,0.4,8,1,10,-316.9158154442707,40
0.5,0.5,0.4,8,1,11,-364.78755007356915,40
0.5,0.5,0.4,8,1,12,-314.802627108828,40
0.5,0.5,0.4,8,1,13,-315.3052914760887,40
0.5,0.5,0.4,8,1,14,-316.9158154442707,40
0.5,0.5,0.4,8,1,15,-316.95401209801634,40
0.5,0.5,0.4,8,1,16,-316.9158154442707,40
0.5,0.5,0.4,8,1,17,-271.73303706748584,40
0.5,0.5,0.4,8,1,18,-314.73139868623866,40
0.5,0.5,0.4,8,1,19,-239.5613046132019,40
0.5,0.5,0.4,8,1,20,-345.22144992994,40
0.5,0.5,0.4,8,1,21,-313.0505820575779,40
0.5,0.5,0.4,8,1,22,-349.138050326069,40
0.5,0.5,0.4,8,1,23,-324.70344357357834,40
0.5,0.5,0.4,8,1,24,-349.138050326069,40
0.5,0.5,0.4,8,1,25,-360.3454663806747,40
0.5,0.5,0.4,8,2,0,-919.5052477608197,40
0.5,0.5,0.4,8,2,1,-919.5052477608197,40
0.5,0.5,0.4,8,2,2,-1391.9509075312722,40
0.5,0.5,0.4,8,2,3,-857.3825336348552,40
0.5,0.5,0.4,8,2,4,-857.3825336348552,40
0.5,0.5,0.4,8,2,5,-857.3825336348552,40
0.5,0.5,0.4,8,2,6,-856.0268175054939,40
0.5,0.5,0.4,8,2,7,-857.3825336348552,40
0.5,0.5,0.4,8,2,8,-560.0144662830978,40
0.5,0.5,0.4,8,2,9,-282.0265621394992,40
0.5,0.5,0.4,8,2,10,-282.0265621394992,40
0.5,0.5,0.4,8,2,11,-282.0265621394992,40
0.5,0.5,0.4,8,2,12,-282.0265621394992,40
0.5,0.5,0.4,8,2,13,-164.9630014359658,40
0.5,0.5,0.4,8,2,14,-212.9456710132148,40
0.5,0.5,0.4,8,2,15,-525.6664868778794,40
0.5,0.5,0.4,8,2,16,-525.6664868778794,40
0.5,0.5,0.4,8,2,17,-2032.5451553043135,40
0.5,0.5,0.4,8,2,18,-643.8662141317288,40
0.5,0.5,0.4,8,2,19,-525.6664868778794,40
0.5,0.5,0.4,8,2,20,-525.6664868778794,40
0.5,0.5,0.4,8,2,21,-241.08623798603023,40
0.5,0.5,0.4,8,2,22,-241.08623798603023,40
0.5,0.5,0.4,8,2,23,-241.08623798603023,40
0.5,0.5,0.4,8,2,24,-1152.5998318131565,40
0.5,0.5,0.4,8,2,25,-1152.5998318131565,40
0.5,0.5,0.4,8,3,0,-1836.7957244419467,40
0.5,0.5,0.4,8,3,1,-1398.2239841618457,40
0.5,0.5,0.4,8,3,2,-1392.2681258897173,40
0.5,0.5,0.4,8,3,3,-1882.9611994903737,40
0.5,0.5,0.4,8,3,4,-1414.538410416182,40
0.5,0.5,0.4,8,3,5,-1393.022905476665,40
0.5,0.5,0.4,8,3,6,-1410.5387645693845,40
0.5,0.5,0.4,8,3,7,-1414.538410416182,40
0.5,0.5,0.4,8,3,8,-1394.2857543477232,40
0.5,0.5,0.4,8,3,9,-1253.681959115431,40
0.5,0.5,0.4,8,3,10,-1709.687675123816,40
0.5,0.5,0.4,8,3,11,-1404.286954683941,40
0.5,0.5,0.4,8,3,12,-1230.7206145362125,40
0.5,0.5,0.4,8,3,13,-1263.1617215518943,40
0.5,0.5,0.4,8,3,14,-1187.5261969695516,40
0.5,0.5,0.4,8,3,15,-1238.5529088973828,40
0.5,0.5,0.4,8,3,16,-1260.8456173567006,40
0.5,0.5,0.4,8,3,17,-1260.6924176015941,40
0.5,0.5,0.4,8,3,18,-1141.5522396883478,40
0.5,0.5,0.4,8,3,19,-1239.4979798603995,40
0.5,0.5,0.4,8,3,20,-1238.0594477211544,40
0.5,0.5,0.4,8,3,21,-1241.1147423323432,40
0.5,0.5,0.4,8,3,22,-1241.285874135819,40
0.5,0.5,0.4,8,3,23,-1241.1147423323432,40
0.5,0.5,0.4,8,3,24,-1270.0911687753896,40
0.5,0.5,0.4,8,3,25,-1303.916455941876,40
0.5,0.5,0.4,8,4,0,-1176.8891696364399,40
0.5,0.5,0.4,8,4,1,-1160.1020850681602,40
0.5,0.5,0.4,8,4,2,-1301.3902519254757,40
0.5,0.5,0.4,8,4,3,-1287.7268467428541,40
0.5,0.5,0.4,8,4,4,-1394.9142562484537,40
0.5,0.5,0.4,8,4,5,-1069.8554798037385,40
0.5,0.5,0.4,8,4,6,-727.5498834756231,40
0.5,0.5,0.4,8,4,7,-646.8725218795013,40
0.5,0.5,0.4,8,4,8,-675.3493789869465,40
0.5,0.5,0.4,8,4,9,-488.95229737517343,40
0.5,0.5,0.4,8,4,10,-651.2816649393429,40
0.5,0.5,0.4,8,4,11,-896.2054444684386,40
0.5,0.5,0.4,8,4,12,-220.48585390342637,40
0.5,0.5,0.4,8,4,13,-326.0525804607938,40
0.5,0.5,0.4,8,4,14,-428.43083047449846,40
0.5,0.5,0.4,8,4,15,-210.03582077636327,40
0.5,0.5,0.4,8,4,16,-266.2106582574342,40
0.5,0.5,0.4,8,4,17,-210.03582077636327,40
0.5,0.5,0.4,8,4,18,-597.4768122988072,40
0.5,0.5,0.4,8,4,19,-409.8060995747486,40
0.5,0.5,0.4,8,4,20,-409.8060995747486,40
0.5,0.5,0.4,8,4,21,-238.77729593203225,40
0.5,0.5,0.4,8,4,22,143.2401174207754,40
0.5,0.5,0.4,8,4,23,143.2401174207754,40
0.5,0.5,0.4,8,4,24,-212.51367210816971,40
0.5,0.5,0.4,8,4,25,143.2401174207754,40
0.5,0.7,0.4,8,0,0,-1391.9509075312722,40
0.5,0.7,0.4,8,0,1,-1391.9509075312722,40
0.5,0.7,0.4,8,0,2,-1396.5585949327037,40
0.5,0.7,0.4,8,0,3,-495.50048962422704,40
0.5,0.7,0.4,8,0,4,-495.50048962422704,40
0.5,0.7,0.4,8,0,5,-528.8349637392115,40
0.5,0.7,0.4,8,0,6,-528.8349637392115,40
0.5,0.7,0.4,8,0,7,-528.8349637392115,40
0.5,0.7,0.4,8,0,8,-661.671508855969,40
0.5,0.7,0.4,8,0,9,-528.8349637392115,40
0.5,0.7,0.4,8,0,10,-770.9158384326311,40
0.5,0.7,0.4,8,0,11,-1087.5813482142382,40
0.5,0.7,0.4,8,0,12,-518.8557188466136,40
0.5,0.7,0.4,8,0,13,-892.2203240388143,40
0.5,0.7,0.4,8,0,14,-780.2201033724562,40
0.5,0.7,0.4,8,0,15,-1436.9033005746992,40
0.5,0.7,0.4,8,0,16,-780.2201033724562,40
0.5,0.7,0.4,8,0,17,-1026.6191715185885,40
0.5,0.7,0.4,8,0,18,-867.7455117696278,40
0.5,0.7,0.4,8,0,19,-1051.585007851526,40
0.5,0.7,0.4,8,0,20,-469.4051621232262,40
0.5,0.7,0.4,8,0,21,-867.7455117696278,40
0.5,0.7,0.4,8,0,22,-890.6152197822639,40
0.5,0.7,0.4,8,0,23,-966.5683789088102,40
0.5,0.7,0.4,8,0,24,-1032.8963292448473,40
0.5,0.7,0.4,8,0,25,-489.6375886871958,40
0.5,0.7,0.4,8,1,0,-1799.8943429321127,40
0.5,0.7,0.4,8,1,1,-1364.6654226367427,40
0.5,0.7,0.4,8,1,2,-1112.660693505613,40
0.5,0.7,0.4,8,1,3,-1391.9509075312722,40
0.5,0.7,0.4,8,1,4,-1112.4351073214466,40
0.5,0.7,0.4,8,1,5,-1112.4351073214466,40
0.5,0.7,0.4,8,1,6,-1114.729129101659,40
0.5,0.7,0.4,8,1,7,-974.0119085443068,40
0.5,0.7,0.4,8,1,8,-1117.3648547486578,40
0.5,0.7,0.4,8,1,9,-1466.7068179751082,40
0.5,0.7,0.4,8,1,10,-982.913279019052,40
0.5,0.7,0.4,8,1,11,-982.913279019052,40
0.5,0.7,0.4,8,1,12,-2083.2024942419857,40
0.5,0.7,0.4,8,1,13,-712.70627697394,40
0.5,0.7,0.4,8,1,14,-1046.4590980654666,40
0.5,0.7,0.4,8,1,15,-782.4778599592149,40
0.5,0.7,0.4,8,1,16,-891.0653802082322,40
0.5,0.7,0.4,8,1,17,-870.7850960165276,40
0.5,0.7,0.4,8,1,18,-407.9109749524414,40
0.5,0.7,0.4,8,1,19,-230.39009740066047,40
0.5,0.7,0.4,8,1,20,-206.96046218882287,40
0.5,0.7,0.4,8,1,21,-353.07258700169086,40
0.5,0.7,0.4,8,1,22,-283.4911683654064,40
0.5,0.7,0.4,8,1,23,-413.14061697614517,40
0.5,0.7,0.4,8,1,24,-314.85213476375264,40
0.5,0.7,0.4,8,1,25,-283.4911683654064,40
0.5,0.7,0.4,8,2,0,-1445.2089754369526,40
0.5,0.7,0.4,8,2,1,-1445.2089754369526,40
0.5,0.7,0.4,8,2,2,-1385.7478400602602,40
0.5,0.7,0.4,8,2,3,-2461.0230376549985,40
0.5,0.7,0.4,8,2,4,-1392.4777699036558,40
0.5,0.7,0.4,8,2,5,-891.4889820429464,40
0.5,0.7,0.4,8,2,6,-528.2887665330121,40
0.5,0.7,0.4,8,2,7,-681.1684421987093,40
0.5,0.7,0.4,8,2,8,-681.1684421987093,40
0.5,0.7,0.4,8,2,9,-374.0147437072374,40
0.5,0.7,0.4,8,2,10,-305.9582064923126,40
0.5,0.7,0.4,8,2,11,-374.0147437072374,40
0.5,0.7,0.4,8,2,12,-239.10741879410293,40
0.5,0.7,0.4,8,2,13,-210.13274898209352,40
0.5,0.7,0.4,8,2,14,-221.72959561472032,40
0.5,0.7,0.4,8,2,15,-210.13274898209352,40
0.5,0.7,0.4,8,2,16,-108.02516036808254,40
0.5,0.7,0.4,8,2,17,-158.405111980224,40
0.5,0.7,0.4,8,2,18,-106.18961243976378,40
0.5,0.7,0.4,8,2,19,-195.69367370085854,40
0.5,0.7,0.4,8,2,20,-47.88380843448743,40
0.5,0.7,0.4,8,2,21,-370.42685315441713,40
0.5,0.7,0.4,8,2,22,-96.9531167629811,40
0.5,0.7,0.4,8,2,23,-119.34605584380074,40
0.5,0.7,0.4,8,2,24,-195.6802151700665,40
0.5,0.7,0.4,8,2,25,-199.92761521939138,40
0.5,0.7,0.4,8,3,0,-1397.7067479845678,40
0.5,0.7,0.4,8,3,1,-1395.3990619702372,40
0.5,0.7,0.4,8,3,2,-1203.9893365786177,40
0.5,0.7,0.4,8,3,3,-1114.3731240362208,40
0.5,0.7,0.4,8,3,4,-1391.9509075312722,40
0.5,0.7,0.4,8,3,5,-1396.03173256032,40
0.5,0.7,0.4,8,3,6,-1114.3731240362208,40
0.5,0.7,0.4,8,3,7,-1391.9509075312722,40
0.5,0.7,0.4,8,3,8,-1116.7714424029205,40
0.5,0.7,0.4,8,3,9,-1173.6708885474654,40
0.5,0.7,0.4,8,3,10,-1114.3731240362208,40
0.5,0.7,0.4,8,3,11,-1285.3726595561184,40
0.5,0.7,0.4,8,3,12,-1285.3726595561184,40
0.5,0.7,0.4,8,3,13,-1116.7714424029205,40
0.5,0.7,0.4,8,3,14,-1173.6708885474654,40
0.5,0.7,0.4,8,3,15,-1264.2222042406738,40
0.5,0.7,0.4,8,3,16,-1391.9509075312722,40
0.5,0.7,0.4,8,3,17,-1264.2222042406738,40
0.5,0.7,0.4,8,3,18,-1173.6708885474654,40
0.5,0.7,0.4,8,3,19,-1264.2222042406738,40
0.5,0.7,0.4,8,3,20,-1191.7506876348377,40
0.5,0.7,0.4,8,3,21,-1264.2222042406738,40
0.5,0.7,0.4,8,3,22,-1057.5358702554743,40
0.5,0.7,0.4,8,3,23,-1391.9509075312722,40
0.5,0.7,0.4,8,3,24,-880.4445120516934,40
0.5,0.7,0.4,8,3,25,-838.6410022186782,40
0.5,0.7,0.4,8,4,0,-1391.9509075312722,40
0.5,0.7,0.4,8,4,1,-1391.9509075312722,40
0.5,0.7,0.4,8,4,2,-1391.9509075312722,40
0.5,0.7,0.4,8,4,3,-1208.7887128711213,40
0.5,0.7,0.4,8,4,4,-1386.4844141597011,40
0.5,0.7,0.4,8,4,5,-1295.568208738829,40
0.5,0.7,0.4,8,4,6,-1075.3009403973863,40
0.5,0.7,0.4,8,4,7,-1053.4294450676352,40
0.5,0.7,0.4,8,4,8,-1075.3009403973863,40
0.5,0.7,0.4,8,4,9,-1075.3009403973863,40
0.5,0.7,0.4,8,4,10,-1075.3009403973863,40
0.5,0.7,0.4,8,4,11,-1096.1832710414228,40
0.5,0.7,0.4,8,4,12,-1096.1832710414228,40
0.5,0.7,0.4,8,4,13,-1096.1832710414228,40
0.5,0.7,0.4,8,4,14,-1096.1832710414228,40
0.5,0.7,0.4,8,4,15,-1096.1832710414228,40
0.5,0.7,0.4,8,4,16,-1096.1832710414228,40
0.5,0.7,0.4,8,4,17,-1096.1832710414228,40
0.5,0.7,0.4,8,4,18,-1096.1832710414228,40
0.5,0.7,0.4,8,4,19,-1111.2499940155276,40
0.5,0.7,0.4,8,4,20,-959.404093923833,40
0.5,0.7,0.4,8,4,21,-1004.3719102853511,40
0.5,0.7,0.4,8,4,22,-959.404093923833,40
0.5,0.7,0.4,8,4,23,-1004.3719102853511,40
0.5,0.7,0.4,8,4,24,-1004.3719102853511,40
0.5,0.7,0.4,8,4,25,-1004.3719102853511,40
0.5,0.9,0.4,8,0,0,-1392.4777699036558,40
0.5,0.9,0.4,8,0,1,-1391.9509075312722,40
0.5,0.9,0.4,8,0,2,-1391.9509075312722,40
0.5,0.9,0.4,8,0,3,-1234.3440640936515,40
0.5,0.9,0.4,8,0,4,-1265.589054415941,40
0.5,0.9,0.4,8,0,5,-1391.9509075312722,40
0.5,0.9,0.4,8,0,6,-1234.3440640936515,40
0.5,0.9,0.4,8,0,7,-1265.589054415941,40
0.5,0.9,0.4,8,0,8,-1072.9084117252792,40
0.5,0.9,0.4,8,0,9,-1391.9509075312722,40
0.5,0.9,0.4,8,0,10,-1234.3440640936515,40
0.5,0.9,0.4,8,0,11,-1234.3440640936515,40
0.5,0.9,0.4,8,0,12,-1256.9334654700995,40
0.5,0.9,0.4,8,0,13,-1059.373770289385,40
0.5,0.9,0.4,8,0,14,-1059.373770289385,40
0.5,0.9,0.4,8,0,15,-1059.373770289385,40
0.5,0.9,0.4,8,0,16,-1059.373770289385,40
0.5,0.9,0.4,8,0,17,-1059.373770289385,40
0.5,0.9,0.4,8,0,18,-1059.373770289385,40
0.5,0.9,0.4,8,0,19,-1059.373770289385,40
0.5,0.9,0.4,8,0,20,-1059.373770289385,40
0.5,0.9,0.4,8,0,21,-960.4473173642467,40
0.5,0.9,0.4,8,0,22,-1059.373770289385,40
0.5,0.9,0.4,8,0,23,-1059.373770289385,40
0.5,0.9,0.4,8,0,24,-1059.373770289385,40
0.5,0.9,0.4,8,0,25,-1059.373770289385,40
0.5,0.9,0.4,8,1,0,-1387.997781222679,40
0.5,0.9,0.4,8,1,1,-1391.9509075312722,40
0.5,0.9,0.4,8,1,2,-1509.4855987315098,40
0.5,0.9,0.4,8,1,3,-1372.1633171931264,40
0.5,0.9,0.4,8,1,4,718.3688621640802,40
0.5,0.9,0.4,8,1,5,1014.2821410854315,40
0.5,0.9,0.4,8,1,6,165.12975462634915,40
0.5,0.9,0.4,8,1,7,386.1547016015424,40
0.5,0.9,0.4,8,1,8,924.0009217540904,40
0.5,0.9,0.4,8,1,9,924.0009217540904,40
0.5,0.9,0.4,8,1,10,-2674.0418842786767,40
0.5,0.9,0.4,8,1,11,924.0009217540904,40
0.5,0.9,0.4,8,1,12,903.0678898456976,40
0.5,0.9,0.4,8,1,13,924.0009217540904,40
0.5,0.9,0.4,8,1,14,924.0009217540904,40
0.5,0.9,0.4,8,1,15,-115.99794069250606,40
0.5,0.9,0.4,8,1,16,-1899.1981209520663,40
0.5,0.9,0.4,8,1,17,924.0009217540904,40
0.5,0.9,0.4,8,1,18,924.0009217540904,40
0.5,0.9,0.4,8,1,19,832.5877320956278,40
0.5,0.9,0.4,8,1,20,924.0009217540904,40
0.5,0.9,0.4,8,1,21,924.0009217540904,40
0.5,0.9,0.4,8,1,22,834.6883407514433,40
0.5,0.9,0.4,8,1,23,1374.909684798635,40
0.5,0.9,0.4,8,1,24,535.6176350824003,40
0.5,0.9,0.4,8,1,25,41.58372853961464,40
0.5,0.9,0.4,8,2,0,-1270.6326524580136,40
0.5,0.9,0.4,8,2,1,-1391.9509075312722,40
0.5,0.9,0.4,8,2,2,-1394.8410741650748,40
0.5,0.9,0.4,8,2,3,-1394.8410741650748,40
0.5,0.9,0.4,8,2,4,-1388.6482068209768,40
0.5,0.9,0.4,8,2,5,-1387.7956077233785,40
0.5,0.9,0.4,8,2,6,-1117.086016630225,40
0.5,0.9,0.4,8,2,7,-688.9490666371747,40
0.5,0.9,0.4,8,2,8,-749.5944854958127,40
0.5,0.9,0.4,8,2,9,-864.6183100113218,40
0.5,0.9,0.4,8,2,10,-963.4564933045899,40
0.5,0.9,0.4,8,2,11,-769.6089957679053,40
0.5,0.9,0.4,8,2,12,-705.1764946724704,40
0.5,0.9,0.4,8,2,13,-751.9822898314808,40
0.5,0.9,0.4,8,2,14,-892.055519165316,40
0.5,0.9,0.4,8,2,15,-927.5165029915768,40
0.5,0.9,0.4,8,2,16,-860.9993508581914,40
0.5,0.9,0.4,8,2,17,-860.9993508581914,40
0.5,0.9,0.4,8,2,18,-357.58935103615636,40
0.5,0.9,0.4,8,2,19,-220.75103362990728,40
0.5,0.9,0.4,8,2,20,-511.18780526125244,40
0.5,0.9,0.4,8,2,21,-859.7105706713776,40
0.5,0.9,0.4,8,2,22,-1485.3131263334728,40
0.5,0.9,0.4,8,2,23,-465.37543299264865,40
0.5,0.9,0.4,8,2,24,-465.37543299264865,40
0.5,0.9,0.4,8,2,25,-1238.5529088973828,40
0.5,0.9,0.4,8,3,0,-1386.6010351796797,40
0.5,0.9,0.4,8,3,1,-1316.6318803072324,40
0.5,0.9,0.4,8,3,2,-1363.9584149610962,40
0.5,0.9,0.4,8,3,3,-1303.629374840537,40
0.5,0.9,0.4,8,3,4,-1391.9509075312722,40
0.5,0.9,0.4,8,3,5,-1391.9509075312722,40
0.5,0.9,0.4,8,3,6,-1303.629374840537,40
0.5,0.9,0.4,8,3,7,-1303.629374840537,40
0.5,0.9,0.4,8,3,8,-1391.9509075312722,40
0.5,0.9,0.4,8,3,9,-1368.1101838411819,40
0.5,0.9,0.4,8,3,10,-1391.9509075312722,40
0.5,0.9,0.4,8,3,11,-1391.9509075312722,40
0.5,0.9,0.4,8,3,12,-1398.5274532006788,40
0.5,0.9,0.4,8,3,13,-1391.9509075312722,40
0.5,0.9,0.4,8,3,14,-1221.324686697982,40
0.5,0.9,0.4,8,3,15,-1336.499411698856,40
0.5,0.9,0.4,8,3,16,-1225.5859826292804,40
0.5,0.9,0.4,8,3,17,-1125.3782567630267,40
0.5,0.9,0.4,8,3,18,-1377.1986817049503,40
0.5,0.9,0.4,8,3,19,-1377.1986817049503,40
0.5,0.9,0.4,8,3,20,-1377.1986817049503,40
0.5,0.9,0.4,8,3,21,-1383.4913097760668,40
0.5,0.9,0.4,8,3,22,-1377.1986817049503,40
0.5,0.9,0.4,8,3,23,-1383.4913097760668,40
0.5,0.9,0.4,8,3,24,-1383.4913097760668,40
0.5,0.9,0.4,8,3,25,-1383.4913097760668,40
0.5,0.9,0.4,8,4,0,-1292.0316629016177,40
0.5,0.9,0.4,8,4,1,-1295.820480103994,40
0.5,0.9,0.4,8,4,2,-1411.905500221856,40
0.5,0.9,0.4,8,4,3,-1404.301863030692,40
0.5,0.9,0.4,8,4,4,-1402.212112734689,40
0.5,0.9,0.4,8,4,5,-1391.494917774409,40
0.5,0.9,0.4,8,4,6,-1361.6574447221874,40
0.5,0.9,0.4,8,4,7,-1506.8327790710678,40
0.5,0.9,0.4,8,4,8,-1404.301863030692,40
0.5,0.9,0.4,8,4,9,-1329.2988051455322,40
0.5,0.9,0.4,8,4,10,-1411.905500221856,40
0.5,0.9,0.4,8,4,11,-1411.905500221856,40
0.5,0.9,0.4,8,4,12,-1136.6890020446622,40
0.5,0.9,0.4,8,4,13,-1263.8380643945525,40
0.5,0.9,0.4,8,4,14,-633.0590048716767,40
0.5,0.9,0.4,8,4,15,-633.0590048716767,40
0.5,0.9,0.4,8,4,16,-556.5168062177186,40
0.5,0.9,0.4,8,4,17,-531.9424386143031,40
0.5,0.9,0.4,8,4,18,-544.5183591729962,40
0.5,0.9,0.4,8,4,19,-542.4521578950181,40
0.5,0.9,0.4,8,4,20,-316.36420150658216,40
0.5,0.9,0.4,8,4,21,-316.36420150658216,40
0.5,0.9,0.4,8,4,22,-316.36420150658216,40
0.5,0.9,0.4,8,4,23,-334.59192752252403,40
0.5,0.9,0.4,8,4,24,-316.63198523924876,40
0.5,0.9,0.4,8,4,25,-99.79794092659169,40
0.7,0.1,0.4,8,0,0,-2597.939792192511,40
0.7,0.1,0.4,8,0,1,-1457.1761485299162,40
0.7,0.1,0.4,8,0,2,-1457.1761485299162,40
0.7,0.1,0.4,8,0,3,-562.993850721544,40
0.7,0.1,0.4,8,0,4,-339.6203309206753,40
0.7,0.1,0.4,8,0,5,-308.6538572890046,40
0.7,0.1,0.4,8,0,6,-271.9496916506141,40
0.7,0.1,0.4,8,0,7,-287.3204627589405,40
0.7,0.1,0.4,8,0,8,-753.2265121974141,40
0.7,0.1,0.4,8,0,9,-753.2265121974141,40
0.7,0.1,0.4,8,0,10,-308.6538572890046,40
0.7,0.1,0.4,8,0,11,-308.6538572890046,40
0.7,0.1,0.4,8,0,12,-270.45561315732436,40
0.7,0.1,0.4,8,0,13,-308.6538572890046,40
0.7,0.1,0.4,8,0,14,-315.6589054427157,40
0.7,0.1,0.4,8,0,15,-315.04119385065366,40
0.7,0.1,0.4,8,0,16,-284.26353964583365,40
0.7,0.1,0.4,8,0,17,-284.26353964583365,40
0.7,0.1,0.4,8,0,18,-262.95322950809,40
0.7,0.1,0.4,8,0,19,-504.2199479187014,40
0.7,0.1,0.4,8,0,20,-459.5991099443193,40
0.7,0.1,0.4,8,0,21,-504.2199479187014,40
0.7,0.1,0.4,8,0,22,-420.456713480099,40
0.7,0.1,0.4,8,0,23,-426.13680257581575,40
0.7,0.1,0.4,8,0,24,-420.456713480099,40
0.7,0.1,0.4,8,0,25,-153.56954013760762,40
0.7,0.1,0.4,8,1,0,-1381.0131744139167,40
0.7,0.1,0.4,8,1,1,-998.1020339275177,40
0.7,0.1,0.4,8,1,2,-1355.7830174841804,40
0.7,0.1,0.4,8,1,3,-989.6424361723124,40
0.7,0.1,0.4,8,1,4,-2537.66195242256,40
0.7,0.1,0.4,8,1,5,-1001.4784972952623,40
0.7,0.1,0.4,8,1,6,-1001.4784972952623,40
0.7,0.1,0.4,8,1,7,-1001.4784972952623,40
0.7,0.1,0.4,8,1,8,-1001.4784972952623,40
0.7,0.1,0.4,8,1,9,-1001.4784972952623,40
0.7,0.1,0.4,8,1,10,-1581.006133874674,40
0.7,0.1,0.4,8,1,11,-1511.3035570924199,40
0.7,0.1,0.4,8,1,12,-999.9806205907443,40
0.7,0.1,0.4,8,1,13,-1012.321280331489,40
0.7,0.1,0.4,8,1,14,-992.527367981649,40
0.7,0.1,0.4,8,1,15,-748.1276944878433,40
0.7,0.1,0.4,8,1,16,-959.8279245783488,40
0.7,0.1,0.4,8,1,17,-1001.4784972952623,40
0.7,0.1,0.4,8,1,18,-1001.4784972952623,40
0.7,0.1,0.4,8,1,19,-778.7524038219645,40
0.7,0.1,0.4,8,1,20,-906.4996950866407,40
0.7,0.1,0.4,8,1,21,-771.9683331438183,40
0.7,0.1,0.4,8,1,22,-1122.20328225013,40
0.7,0.1,0.4,8,1,23,-807.7957107647912,40
0.7,0.1,0.4,8,1,24,-803.4713581857865,40
0.7,0.1,0.4,8,1,25,-803.4713581857865,40
0.7,0.1,0.4,8,2,0,-1329.2988051455322,40
0.7,0.1,0.4,8,2,1,-1212.9333781477412,40
0.7,0.1,0.4,8,2,2,-1391.9509075312722,40
0.7,0.1,0.4,8,2,3,-1329.2988051455322,40
0.7,0.1,0.4,8,2,4,-1212.9333781477412,40
0.7,0.1,0.4,8,2,5,-1212.9333781477412,40
0.7,0.1,0.4,8,2,6,-1131.8182476465145,40
0.7,0.1,0.4,8,2,7,-824.7637573307682,40
0.7,0.1,0.4,8,2,8,-716.4089719731119,40
0.7,0.1,0.4,8,2,9,-298.6645176472672,40
0.7,0.1,0.4,8,2,10,-298.6645176472672,40
0.7,0.1,0.4,8,2,11,-313.74747742200503,40
0.7,0.1,0.4,8,2,12,-298.6645176472672,40
0.7,0.1,0.4,8,2,13,-146.3384286967498,40
0.7,0.1,0.4,8,2,14,633.8770339458956,40
0.7,0.1,0.4,8,2,15,-146.3384286967498,40
0.7,0.1,0.4,8,2,16,-289.1447036520326,40
0.7,0.1,0.4,8,2,17,-146.3384286967498,40
0.7,0.1,0.4,8,2,18,-146.3384286967498,40
0.7,0.1,0.4,8,2,19,715.9785812501042,40
0.7,0.1,0.4,8,2,20,-38.46109951600033,40
0.7,0.1,0.4,8,2,21,-970.0249042537047,40
0.7,0.1,0.4,8,2,22,151.31229141404913,40
0.7,0.1,0.4,8,2,23,151.31229141404913,40
0.7,0.1,0.4,8,2,24,151.31229141404913,40
0.7,0.1,0.4,8,2,25,81.47012835601953,40
0.7,0.1,0.4,8,3,0,-1391.9509075312722,40
0.7,0.1,0.4,8,3,1,-1233.4647377121032,40
0.7,0.1,0.4,8,3,2,-1399.3296676410648,40
0.7,0.1,0.4,8,3,3,-1391.9509075312722,40
0.7,0.1,0.4,8,3,4,-1391.9509075312722,40
0.7,0.1,0.4,8,3,5,-1391.9509075312722,40
0.7,0.1,0.4,8,3,6,-1427.2960366921625,40
0.7,0.1,0.4,8,3,7,-1391.9509075312722,40
0.7,0.1,0.4,8,3,8,-1391.9509075312722,40
0.7,0.1,0.4,8,3,9,-1391.9509075312722,40
0.7,0.1,0.4,8,3,10,-1382.0717434136222,40
0.7,0.1,0.4,8,3,11,-1415.761759152639,40
0.7,0.1,0.4,8,3,12,-1391.9509075312722,40
0.7,0.1,0.4,8,3,13,-1391.9509075312722,40
0.7,0.1,0.4,8,3,14,-1391.9509075312722,40
0.7,0.1,0.4,8,3,15,-1391.9509075312722,40
0.7,0.1,0.4,8,3,16,-1206.428967461323,40
0.7,0.1,0.4,8,3,17,-1391.9509075312722,40
0.7,0.1,0.4,8,3,18,-1391.9509075312722,40
0.7,0.1,0.4,8,3,19,-1391.9509075312722,40
0.7,0.1,0.4,8,3,20,-1391.9509075312722,40
0.7,0.1,0.4,8,3,21,-1391.9509075312722,40
0.7,0.1,0.4,8,3,22,-1392.366610638809,40
0.7,0.1,0.4,8,3,23,-1391.9509075312722,40
0.7,0.1,0.4,8,3,24,-1391.9509075312722,40
0.7,0.1,0.4,8,3,25,-1391.9509075312722,40
0.7,0.1,0.4,8,4,0,-1391.9509075312722,40
0.7,0.1,0.4,8,4,1,-1244.083391048645,40
0.7,0.1,0.4,8,4,2,-1393.9543039952182,40
0.7,0.1,0.4,8,4,3,-1393.9543039952182,40
0.7,0.1,0.4,8,4,4,-1347.4100969100325,40
0.7,0.1,0.4,8,4,5,-1393.9543039952182,40
0.7,0.1,0.4,8,4,6,-1483.6402775001427,40
0.7,0.1,0.4,8,4,7,-914.3952623117908,40
0.7,0.1,0.4,8,4,8,-798.8377885129055,40
0.7,0.1,0.4,8,4,9,-798.8377885129055,40
0.7,0.1,0.4,8,4,10,-1386.4844141597011,40
0.7,0.1,0.4,8,4,11,-808.8444200917163,40
0.7,0.1,0.4,8,4,12,-1070.712701099651,40
0.7,0.1,0.4,8,4,13,-1097.3524168918136,40
0.7,0.1,0.4,8,4,14,-986.6032603134105,40
0.7,0.1,0.4,8,4,15,-833.1080364417892,40
0.7,0.1,0.4,8,4,16,-833.1080364417892,40
0.7,0.1,0.4,8,4,17,-833.1080364417892,40
0.7,0.1,0.4,8,4,18,-1097.3524168918136,40
0.7,0.1,0.4,8,4,19,-986.6032603134105,40
0.7,0.1,0.4,8,4,20,-1097.3524168918136,40
0.7,0.1,0.4,8,4,21,-1097.3524168918136,40
0.7,0.1,0.4,8,4,22,-1090.2406075810486,40
0.7,0.1,0.4,8,4,23,-1090.2406075810486,40
0.7,0.1,0.4,8,4,24,-1090.2406075810486,40
0.7,0.1,0.4,8,4,25,-1097.3524168918136,40
0.7,0.3,0.4,8,0,0,-861.8136597160251,40
0.7,0.3,0.4,8,0,1,-468.39694467151986,40
0.7,0.3,0.4,8,0,2,-468.39694467151986,40
0.7,0.3,0.4,8,0,3,-468.39694467151986,40
0.7,0.3,0.4,8,0,4,-378.36108095431416,40
0.7,0.3,0.4,8,0,5,-607.5125735749305,40
0.7,0.3,0.4,8,0,6,-378.85264844422505,40
0.7,0.3,0.4,8,0,7,-378.64229321389416,40
0.7,0.3,0.4,8,0,8,-378.64229321389416,40
0.7,0.3,0.4,8,0,9,-378.64229321389416,40
0.7,0.3,0.4,8,0,10,-377.8599313173464,40
0.7,0.3,0.4,8,0,11,-936.8487207538726,40
0.7,0.3,0.4,8,0,12,-371.6889038232123,40
0.7,0.3,0.4,8,0,13,-378.64229321389416,40
0.7,0.3,0.4,8,0,14,-401.03776402671957,40
0.7,0.3,0.4,8,0,15,-401.03776402671957,40
0.7,0.3,0.4,8,0,16,-155.05148514261114,40
0.7,0.3,0.4,8,0,17,-351.4429259761028,40
0.7,0.3,0.4,8,0,18,-482.432506326476,40
0.7,0.3,0.4,8,0,19,-323.914270795686,40
0.7,0.3,0.4,8,0,20,-3171.651564880908,40
0.7,0.3,0.4,8,0,21,-341.752519987504,40
0.7,0.3,0.4,8,0,22,-386.7037055473187,40
0.7,0.3,0.4,8,0,23,-342.92428317725637,40
0.7,0.3,0.4,8,0,24,-341.60519185463664,40
0.7,0.3,0.4,8,0,25,-369.8307811267107,40
0.7,0.3,0.4,8,1,0,-1392.119383685075,40
0.7,0.3,0.4,8,1,1,-1513.00244150084,40
0.7,0.3,0.4,8,1,2,-1395.1984605658743,40
0.7,0.3,0.4,8,1,3,-1454.3521301483534,40
0.7,0.3,0.4,8,1,4,-1395.1984605658743,40
0.7,0.3,0.4,8,1,5,-1177.8342134031761,40
0.7,0.3,0.4,8,1,6,-978.1121073204747,40
0.7,0.3,0.4,8,1,7,-978.1121073204747,40
0.7,0.3,0.4,8,1,8,-978.1121073204747,40
0.7,0.3,0.4,8,1,9,-1044.1869114957972,40
0.7,0.3,0.4,8,1,10,-937.8327834937384,40
0.7,0.3,0.4,8,1,11,-939.8968352741385,40
0.7,0.3,0.4,8,1,12,-939.8968352741385,40
0.7,0.3,0.4,8,1,13,-937.8327834937384,40
0.7,0.3,0.4,8,1,14,-937.8327834937384,40
0.7,0.3,0.4,8,1,15,-940.5739504774762,40
0.7,0.3,0.4,8,1,16,-1180.0392025529723,40
0.7,0.3,0.4,8,1,17,-927.9013754603756,40
0.7,0.3,0.4,8,1,18,-939.8968352741385,40
0.7,0.3,0.4,8,1,19,-939.8968352741385,40
0.7,0.3,0.4,8,1,20,-940.5739504774762,40
0.7,0.3,0.4,8,1,21,-985.8229140280743,40
0.7,0.3,0.4,8,1,22,-927.9013754603756,40
0.7,0.3,0.4,8,1,23,-927.9013754603756,40
0.7,0.3,0.4,8,1,24,-927.9013754603756,40
0.7,0.3,0.4,8,1,25,-940.5739504774762,40
0.7,0.3,0.4,8,2,0,-1123.1685236805274,40
0.7,0.3,0.4,8,2,1,-1510.8913774829143,40
0.7,0.3,0.4,8,2,2,-542.890576901104,40
0.7,0.3,0.4,8,2,3,-542.890576901104,40
0.7,0.3,0.4,8,2,4,-542.890576901104,40
0.7,0.3,0.4,8,2,5,-405.8000945903663,40
0.7,0.3,0.4,8,2,6,-462.4519515918528,40
0.7,0.3,0.4,8,2,7,-358.64730307665803,40
0.7,0.3,0.4,8,2,8,-396.69377250282264,40
0.7,0.3,0.4,8,2,9,-440.7707978129665,40
0.7,0.3,0.4,8,2,10,-510.01406429078656,40
0.7,0.3,0.4,8,2,11,-510.01406429078656,40
0.7,0.3,0.4,8,2,12,-510.01406429078656,40
0.7,0.3,0.4,8,2,13,-329.0213964941431,40
0.7,0.3,0.4,8,2,14,-216.26065696728978,40
0.7,0.3,0.4,8,2,15,-304.6464505031995,40
0.7,0.3,0.4,8,2,16,-257.56639011444605,40
0.7,0.3,0.4,8,2,17,-257.56639011444605,40
0.7,0.3,0.4,8,2,18,-923.4771124034748,40
0.7,0.3,0.4,8,2,19,-923.4771124034748,40
0.7,0.3,0.4,8,2,20,-923.4771124034748,40
0.7,0.3,0.4,8,2,21,-369.3997314853928,40
0.7,0.3,0.4,8,2,22,-1018.216132676435,40
0.7,0.3,0.4,8,2,23,-1069.3529072240324,40
0.7,0.3,0.4,8,2,24,-1069.3529072240324,40
0.7,0.3,0.4,8,2,25,-1069.3529072240324,40
0.7,0.3,0.4,8,3,0,-1136.6890020446622,40
0.7,0.3,0.4,8,3,1,-877.8475762847227,40
0.7,0.3,0.4,8,3,2,-575.4729206898465,40
0.7,0.3,0.4,8,3,3,-787.4736804781203,40
0.7,0.3,0.4,8,3,4,-787.4736804781203,40
0.7,0.3,0.4,8,3,5,-997.7942544167904,40
0.7,0.3,0.4,8,3,6,-973.2592160823314,40
0.7,0.3,0.4,8,3,7,-958.3502305327156,40
0.7,0.3,0.4,8,3,8,-975.8162829812591,40
0.7,0.3,0.4,8,3,9,-975.8162829812591,40
0.7,0.3,0.4,8,3,10,-975.8162829812591,40
0.7,0.3,0.4,8,3,11,-995.6172203645995,40
0.7,0.3,0.4,8,3,12,-995.6172203645995,40
0.7,0.3,0.4,8,3,13,-1839.5180833373915,40
0.7,0.3,0.4,8,3,14,-959.3135044321505,40
0.7,0.3,0.4,8,3,15,-983.9344773042228,40
0.7,0.3,0.4,8,3,16,-935.9204042754985,40
0.7,0.3,0.4,8,3,17,-983.9344773042228,40
0.7,0.3,0.4,8,3,18,-1081.9912640256607,40
0.7,0.3,0.4,8,3,19,-2278.422132775478,40
0.7,0.3,0.4,8,3,20,-1032.3404034019554,40
0.7,0.3,0.4,8,3,21,-1025.4895495951794,40
0.7,0.3,0.4,8,3,22,-1027.4434845936948,40
0.7,0.3,0.4,8,3,23,-1025.4895495951794,40
0.7,0.3,0.4,8,3,24,-971.5921969830451,40
0.7,0.3,0.4,8,3,25,-1788.413679209456,40
0.7,0.3,0.4,8,4,0,-1391.9509075312722,40
0.7,0.3,0.4,8,4,1,-1391.9509075312722,40
0.7,0.3,0.4,8,4,2,-1391.9509075312722,40
0.7,0.3,0.4,8,4,3,-1651.2212801106664,40
0.7,0.3,0.4,8,4,4,-1391.9509075312722,40
0.7,0.3,0.4,8,4,5,-1391.9509075312722,40
0.7,0.3,0.4,8,4,6,-1391.9509075312722,40
0.7,0.3,0.4,8,4,7,-1391.9509075312722,40
0.7,0.3,0.4,8,4,8,-1361.2211290679525,40
0.7,0.3,0.4,8,4,9,-1391.330358043841,40
0.7,0.3,0.4,8,4,10,-1391.9509075312722,40
0.7,0.3,0.4,8,4,11,-1391.9509075312722,40
0.7,0.3,0.4,8,4,12,-1391.9509075312722,40
0.7,0.3,0.4,8,4,13,-1391.9509075312722,40
0.7,0.3,0.4,8,4,14,-1391.9509075312722,40
0.7,0.3,0.4,8,4,15,-1365.285972124174,40
0.7,0.3,0.4,8,4,16,-1365.285972124174,40
0.7,0.3,0.4,8,4,17,-1133.4180527098524,40
0.7,0.3,0.4,8,4,18,-1133.4180527098524,40
0.7,0.3,0.4,8,4,19,-1133.4180527098524,40
0.7,0.3,0.4,8,4,20,-1365.285972124174,40
0.7,0.3,0.4,8,4,21,-1133.4180527098524,40
0.7,0.3,0.4,8,4,22,-1133.4180527098524,40
0.7,0.3,0.4,8,4,23,-1298.0222714700717,40
0.7,0.3,0.4,8,4,24,-1298.0222714700717,40
0.7,0.3,0.4,8,4,25,-1133.4180527098524,40
0.7,0.5,0.4,8,0,0,-2139.1741365422545,40
0.7,0.5,0.4,8,0,1,-1385.7061962007438,40
0.7,0.5,0.4,8,0,2,-1440.9588694978584,40
0.7,0.5,0.4,8,0,3,-1385.7061962007438,40
0.7,0.5,0.4,8,0,4,-1821.6487398746076,40
0.7,0.5,0.4,8,0,5,-1486.3463569404012,40
0.7,0.5,0.4,8,0,6,-1049.5051351274587,40
0.7,0.5,0.4,8,0,7,-1049.5051351274587,40
0.7,0.5,0.4,8,0,8,-1096.7137763545309,40
0.7,0.5,0.4,8,0,9,-1562.7463498591242,40
0.7,0.5,0.4,8,0,10,-1096.7137763545309,40
0.7,0.5,0.4,8,0,11,-966.0287203177367,40
0.7,0.5,0.4,8,0,12,-2078.050192373133,40
0.7,0.5,0.4,8,0,13,-1910.10152962452,40
0.7,0.5,0.4,8,0,14,-2755.002418701979,40
0.7,0.5,0.4,8,0,15,-2078.050192373133,40
0.7,0.5,0.4,8,0,16,-2078.050192373133,40
0.7,0.5,0.4,8,0,17,-2078.050192373133,40
0.7,0.5,0.4,8,0,18,-929.1619130156819,40
0.7,0.5,0.4,8,0,19,-2078.050192373133,40
0.7,0.5,0.4,8,0,20,-857.987034511744,40
0.7,0.5,0.4,8,0,21,-1327.2690465394971,40
0.7,0.5,0.4,8,0,22,-2078.050192373133,40
0.7,0.5,0.4,8,0,23,-1261.5460657823448,40
0.7,0.5,0.4,8,0,24,-668.7450004947527,40
0.7,0.5,0.4,8,0,25,-668.7450004947527,40
0.7,0.5,0.4,8,1,0,-2419.507396580544,40
0.7,0.5,0.4,8,1,1,-1386.4844141597011,40
0.7,0.5,0.4,8,1,2,-1386.4844141597011,40
0.7,0.5,0.4,8,1,3,-1390.565239188749,40
0.7,0.5,0.4,8,1,4,-1427.3775553481444,40
0.7,0.5,0.4,8,1,5,-1390.565239188749,40
0.7,0.5,0.4,8,1,6,-1530.8178777626672,40
0.7,0.5,0.4,8,1,7,-1390.565239188749,40
0.7,0.5,0.4,8,1,8,-1386.4844141597011,40
0.7,0.5,0.4,8,1,9,-1390.565239188749,40
0.7,0.5,0.4,8,1,10,-1386.4844141597011,40
0.7,0.5,0.4,8,1,11,-1140.5308598963006,40
0.7,0.5,0.4,8,1,12,-1136.5835249402494,40
0.7,0.5,0.4,8,1,13,-1390.565239188749,40
0.7,0.5,0.4,8,1,14,-1386.4844141597011,40
0.7,0.5,0.4,8,1,15,-1385.6625246620138,40
0.7,0.5,0.4,8,1,16,-1385.6625246620138,40
0.7,0.5,0.4,8,1,17,-1391.9509075312722,40
0.7,0.5,0.4,8,1,18,-1131.1170315686784,40
0.7,0.5,0.4,8,1,19,-1269.32243954586,40
0.7,0.5,0.4,8,1,20,-1385.6714466540973,40
0.7,0.5,0.4,8,1,21,-1386.4844141597011,40
0.7,0.5,0.4,8,1,22,-1363.5804049898409,40
0.7,0.5,0.4,8,1,23,-1339.499326329988,40
0.7,0.5,0.4,8,1,24,-1369.0468983614119,40
0.7,0.5,0.4,8,1,25,-1369.0468983614119,40
0.7,0.5,0.4,8,2,0,-1170.1485445542783,40
0.7,0.5,0.4,8,2,1,-1414.049045515625,40
0.7,0.5,0.4,8,2,2,-1333.256054331721,40
0.7,0.5,0.4,8,2,3,-720.5767739782515,40
0.7,0.5,0.4,8,2,4,-1127.3954298932588,40
0.7,0.5,0.4,8,2,5,-1127.3954298932588,40
0.7,0.5,0.4,8,2,6,-729.3170229085586,40
0.7,0.5,0.4,8,2,7,-742.543498955428,40
0.7,0.5,0.4,8,2,8,-1167.7561260500163,40
0.7,0.5,0.4,8,2,9,-1436.5253179144577,40
0.7,0.5,0.4,8,2,10,-761.0343333747027,40
0.7,0.5,0.4,8,2,11,-727.1515850478809,40
0.7,0.5,0.4,8,2,12,-722.807177477248,40
0.7,0.5,0.4,8,2,13,-759.3426961043796,40
0.7,0.5,0.4,8,2,14,-1442.115441254089,40
0.7,0.5,0.4,8,2,15,-720.5767739782515,40
0.7,0.5,0.4,8,2,16,-1317.4853461114478,40
0.7,0.5,0.4,8,2,17,-724.2086832993666,40
0.7,0.5,0.4,8,2,18,-720.5767739782515,40
0.7,0.5,0.4,8,2,19,-720.5767739782515,40
0.7,0.5,0.4,8,2,20,-714.6312964927331,40
0.7,0.5,0.4,8,2,21,-1261.4411049175167,40
0.7,0.5,0.4,8,2,22,-716.9367720447092,40
0.7,0.5,0.4,8,2,23,-909.4174801147678,40
0.7,0.5,0.4,8,2,24,-738.6317456596103,40
0.7,0.5,0.4,8,2,25,-738.6317456596103,40
0.7,0.5,0.4,8,3,0,-4266.4092485322635,40
0.7,0.5,0.4,8,3,1,-1396.03173256032,40
0.7,0.5,0.4,8,3,2,-1391.9509075312722,40
0.7,0.5,0.4,8,3,3,-1679.6548216517313,40
0.7,0.5,0.4,8,3,4,-1679.6548216517313,40
0.7,0.5,0.4,8,3,5,-1679.6548216517313,40
0.7,0.5,0.4,8,3,6,-1679.6548216517313,40
0.7,0.5,0.4,8,3,7,-1679.6548216517313,40
0.7,0.5,0.4,8,3,8,-650.4386624169979,40
0.7,0.5,0.4,8,3,9,-409.2964127406611,40
0.7,0.5,0.4,8,3,10,-409.2964127406611,40
0.7,0.5,0.4,8,3,11,-413.27362249924204,40
0.7,0.5,0.4,8,3,12,-487.9565342088102,40
0.7,0.5,0.4,8,3,13,-491.9337439673911,40
0.7,0.5,0.4,8,3,14,-491.9337439673911,40
0.7,0.5,0.4,8,3,15,-517.7292699481503,40
0.7,0.5,0.4,8,3,16,-487.9565342088102,40
0.7,0.5,0.4,8,3,17,-75.06483632286378,40
0.7,0.5,0.4,8,3,18,-222.9559707913232,40
0.7,0.5,0.4,8,3,19,-964.0187780374148,40
0.7,0.5,0.4,8,3,20,-93.68536530264865,40
0.7,0.5,0.4,8,3,21,-75.06483632286378,40
0.7,0.5,0.4,8,3,22,-1607.2599580492083,40
0.7,0.5,0.4,8,3,23,-611.9790599285052,40
0.7,0.5,0.4,8,3,24,-2927.705760983704,40
0.7,0.5,0.4,8,3,25,-2937.1561720258505,40
0.7,0.5,0.4,8,4,0,-1258.747817111773,40
0.7,0.5,0.4,8,4,1,-1386.4844141597011,40
0.7,0.5,0.4,8,4,2,-1182.8266063013155,40
0.7,0.5,0.4,8,4,3,-1182.8266063013155,40
0.7,0.5,0.4,8,4,4,-1219.2532367437848,40
0.7,0.5,0.4,8,4,5,-1228.755896184989,40
0.7,0.5,0.4,8,4,6,-1219.2532367437848,40
0.7,0.5,0.4,8,4,7,-1129.8478753665536,40
0.7,0.5,0.4,8,4,8,-1190.334580894297,40
0.7,0.5,0.4,8,4,9,-1149.384622450243,40
0.7,0.5,0.4,8,4,10,-611.241952373627,40
0.7,0.5,0.4,8,4,11,-632.495429890658,40
0.7,0.5,0.4,8,4,12,-632.495429890658,40
0.7,0.5,0.4,8,4,13,-609.0197316455562,40
0.7,0.5,0.4,8,4,14,-1647.6286842594109,40
0.7,0.5,0.4,8,4,15,-127.69183899436571,40
0.7,0.5,0.4,8,4,16,-382.6402836932136,40
0.7,0.5,0.4,8,4,17,-118.2857302024874,40
0.7,0.5,0.4,8,4,18,-782.6651094291843,40
0.7,0.5,0.4,8,4,19,-118.2857302024874,40
0.7,0.5,0.4,8,4,20,-118.2857302024874,40
0.7,0.5,0.4,8,4,21,-118.2857302024874,40
0.7,0.5,0.4,8,4,22,-481.26041865551804,40
0.7,0.5,0.4,8,4,23,-481.26041865551804,40
0.7,0.5,0.4,8,4,24,-481.26041865551804,40
0.7,0.5,0.4,8,4,25,-481.26041865551804,40
0.7,0.7,0.4,8,0,0,-1097.830635418769,40
0.7,0.7,0.4,8,0,1,-1097.830635418769,40
0.7,0.7,0.4,8,0,2,-520.5127066703923,40
0.7,0.7,0.4,8,0,3,-986.7859488330396,40
0.7,0.7,0.4,8,0,4,-986.7859488330396,40
0.7,0.7,0.4,8,0,5,-520.5127066703923,40
0.7,0.7,0.4,8,0,6,-520.5127066703923,40
0.7,0.7,0.4,8,0,7,-770.7557849859678,40
0.7,0.7,0.4,8,0,8,-453.681626897687,40
0.7,0.7,0.4,8,0,9,-770.7557849859678,40
0.7,0.7,0.4,8,0,10,-453.681626897687,40
0.7,0.7,0.4,8,0,11,-453.681626897687,40
0.7,0.7,0.4,8,0,12,-401.70946330250234,40
0.7,0.7,0.4,8,0,13,-401.70946330250234,40
0.7,0.7,0.4,8,0,14,-585.7305609747114,40
0.7,0.7,0.4,8,0,15,-393.95326033629885,40
0.7,0.7,0.4,8,0,16,-393.95326033629885,40
0.7,0.7,0.4,8,0,17,-958.7944194555672,40
0.7,0.7,0.4,8,0,18,-453.3481054102697,40
0.7,0.7,0.4,8,0,19,-282.7420527277515,40
0.7,0.7,0.4,8,0,20,-453.3481054102697,40
0.7,0.7,0.4,8,0,21,-244.12899391387117,40
0.7,0.7,0.4,8,0,22,-140.74098517640263,40
0.7,0.7,0.4,8,0,23,-244.12899391387117,40
0.7,0.7,0.4,8,0,24,-393.95326033629885,40
0.7,0.7,0.4,8,0,25,-133.10030528099134,40
0.7,0.7,0.4,8,1,0,-1391.9509075312722,40
0.7,0.7,0.4,8,1,1,-1387.4327336848282,40
0.7,0.7,0.4,8,1,2,-1391.9509075312722,40
0.7,0.7,0.4,8,1,3,-1391.9509075312722,40
0.7,0.7,0.4,8,1,4,-1391.9509075312722,40
0.7,0.7,0.4,8,1,5,-1391.9509075312722,40
0.7,0.7,0.4,8,1,6,-1395.3990619702372,40
0.7,0.7,0.4,8,1,7,-1391.9509075312722,40
0.7,0.7,0.4,8,1,8,-1391.9509075312722,40
0.7,0.7,0.4,8,1,9,-1395.3990619702372,40
0.7,0.7,0.4,8,1,10,-1213.1212755464182,40
0.7,0.7,0.4,8,1,11,-1209.673121107453,40
0.7,0.7,0.4,8,1,12,-1209.673121107453,40
0.7,0.7,0.4,8,1,13,-966.7467172910665,40
0.7,0.7,0.4,8,1,14,-1395.3990619702372,40
0.7,0.7,0.4,8,1,15,-1213.1212755464182,40
0.7,0.7,0.4,8,1,16,-1217.2579533123528,40
0.7,0.7,0.4,8,1,17,-1018.5629692665228,40
0.7,0.7,0.4,8,1,18,-803.8205347312862,40
0.7,0.7,0.4,8,1,19,-1075.623512898761,40
0.7,0.7,0.4,8,1,20,-803.8205347312862,40
0.7,0.7,0.4,8,1,21,-803.8205347312862,40
0.7,0.7,0.4,8,1,22,-803.8205347312862,40
0.7,0.7,0.4,8,1,23,-803.8205347312862,40
0.7,0.7,0.4,8,1,24,-809.2296104491113,40
0.7,0.7,0.4,8,1,25,-933.3312623124734,40
0.7,0.7,0.4,8,2,0,-1390.876505593185,40
0.7,0.7,0.4,8,2,1,-1396.03173256032,40
0.7,0.7,0.4,8,2,2,-783.2038035508028,40
0.7,0.7,0.4,8,2,3,-783.2038035508028,40
0.7,0.7,0.4,8,2,4,-517.579827565163,40
0.7,0.7,0.4,8,2,5,-424.869239639039,40
0.7,0.7,0.4,8,2,6,-424.869239639039,40
0.7,0.7,0.4,8,2,7,-2138.279362892512,40
0.7,0.7,0.4,8,2,8,-423.5153323613132,40
0.7,0.7,0.4,8,2,9,-2473.0634369605273,40
0.7,0.7,0.4,8,2,10,-331.86365461272715,40
0.7,0.7,0.4,8,2,11,-323.9828155396673,40
0.7,0.7,0.4,8,2,12,-323.6042687455166,40
0.7,0.7,0.4,8,2,13,-239.0928882524331,40
0.7,0.7,0.4,8,2,14,-292.6769371271711,40
0.7,0.7,0.4,8,2,15,-1084.321226742088,40
0.7,0.7,0.4,8,2,16,-189.8674423450804,40
0.7,0.7,0.4,8,2,17,-235.4619440101347,40
0.7,0.7,0.4,8,2,18,-1377.4174759886928,40
0.7,0.7,0.4,8,2,19,-364.1251993144107,40
0.7,0.7,0.4,8,2,20,-265.06278717818157,40
0.7,0.7,0.4,8,2,21,-265.06278717818157,40
0.7,0.7,0.4,8,2,22,-403.0258209975925,40
0.7,0.7,0.4,8,2,23,-325.0822086559356,40
0.7,0.7,0.4,8,2,24,-237.12341198539008,40
0.7,0.7,0.4,8,2,25,-237.12341198539008,40
0.7,0.7,0.4,8,3,0,-1352.9849377761593,40
0.7,0.7,0.4,8,3,1,-1367.7668899057928,40
0.7,0.7,0.4,8,3,2,-996.2084685807381,40
0.7,0.7,0.4,8,3,3,-1206.7086972588331,40
0.7,0.7,0.4,8,3,4,-2298.359025083817,40
0.7,0.7,0.4,8,3,5,-2002.061774614299,40
0.7,0.7,0.4,8,3,6,-1978.23696209485,40
0.7,0.7,0.4,8,3,7,-689.6689506291281,40
0.7,0.7,0.4,8,3,8,-689.6689506291281,40
0.7,0.7,0.4,8,3,9,-1979.3363462802317,40
0.7,0.7,0.4,8,3,10,-347.45334764041877,40
0.7,0.7,0.4,8,3,11,-1687.2426520050612,40
0.7,0.7,0.4,8,3,12,-2157.4160802482506,40
0.7,0.7,0.4,8,3,13,-2562.2141544574274,40
0.7,0.7,0.4,8,3,14,-422.68691537521124,40
0.7,0.7,0.4,8,3,15,-1689.7257117671832,40
0.7,0.7,0.4,8,3,16,-1080.5768766977403,40
0.7,0.7,0.4,8,3,17,-709.2671635456501,40
0.7,0.7,0.4,8,3,18,-1191.47946893355,40
0.7,0.7,0.4,8,3,19,-205.63264142024542,40
0.7,0.7,0.4,8,3,20,-1746.558910661229,40
0.7,0.7,0.4,8,3,21,-1187.3878197326271,40
0.7,0.7,0.4,8,3,22,-1126.7941033194977,40
0.7,0.7,0.4,8,3,23,-1098.8426337076842,40
0.7,0.7,0.4,8,3,24,-1454.0809574010186,40
0.7,0.7,0.4,8,3,25,-1121.8657042724549,40
0.7,0.7,0.4,8,4,0,-1114.20513702225,40
0.7,0.7,0.4,8,4,1,-1147.4348071064042,40
0.7,0.7,0.4,8,4,2,-1285.5231193081963,40
0.7,0.7,0.4,8,4,3,-1861.814917923657,40
0.7,0.7,0.4,8,4,4,-1339.2857631410157,40
0.7,0.7,0.4,8,4,5,-1473.6601760926271,40
0.7,0.7,0.4,8,4,6,-1391.9509075312722,40
0.7,0.7,0.4,8,4,7,-1391.9509075312722,40
0.7,0.7,0.4,8,4,8,-1129.5476451595198,40
0.7,0.7,0.4,8,4,9,-1488.14945572568,40
0.7,0.7,0.4,8,4,10,-853.5037637474518,40
0.7,0.7,0.4,8,4,11,-853.5037637474518,40
0.7,0.7,0.4,8,4,12,-1068.8917287538325,40
0.7,0.7,0.4,8,4,13,-959.9780806705191,40
0.7,0.7,0.4,8,4,14,-1131.295214234498,40
0.7,0.7,0.4,8,4,15,-773.325946790764,40
0.7,0.7,0.4,8,4,16,-773.325946790764,40
0.7,0.7,0.4,8,4,17,-815.0370071292209,40
0.7,0.7,0.4,8,4,18,-1028.551121657752,40
0.7,0.7,0.4,8,4,19,-811.6911014739542,40
0.7,0.7,0.4,8,4,20,-690.7568988990495,40
0.7,0.7,0.4,8,4,21,-626.3332713565048,40
0.7,0.7,0.4,8,4,22,-742.0182348031487,40
0.7,0.7,0.4,8,4,23,-827.4475188520399,40
0.7,0.7,0.4,8,4,24,-1080.0295084487352,40
0.7,0.7,0.4,8,4,25,-770.3955649333161,40
0.7,0.9,0.4,8,0,0,-1370.8015787037648,40
0.7,0.9,0.4,8,0,1,-1518.5878825948798,40
0.7,0.9,0.4,8,0,2,-1394.4896015720524,40
0.7,0.9,0.4,8,0,3,-1365.285972124174,40
0.7,0.9,0.4,8,0,4,-1391.9509075312722,40
0.7,0.9,0.4,8,0,5,-1320.3788600274174,40
0.7,0.9,0.4,8,0,6,-2051.2794824833813,40
0.7,0.9,0.4,8,0,7,-1365.285972124174,40
0.7,0.9,0.4,8,0,8,-1644.2868744125763,40
0.7,0.9,0.4,8,0,9,-1365.285972124174,40
0.7,0.9,0.4,8,0,10,-1144.5825490771583,40
0.7,0.9,0.4,8,0,11,-1177.0148157179838,40
0.7,0.9,0.4,8,0,12,-788.0255327260368,40
0.7,0.9,0.4,8,0,13,-884.1690372599364,40
0.7,0.9,0.4,8,0,14,-803.162034150232,40
0.7,0.9,0.4,8,0,15,-803.162034150232,40
0.7,0.9,0.4,8,0,16,-739.4647700747557,40
0.7,0.9,0.4,8,0,17,-898.6571139406433,40
0.7,0.9,0.4,8,0,18,-2120.268573297403,40
0.7,0.9,0.4,8,0,19,-902.1248737054628,40
0.7,0.9,0.4,8,0,20,-940.5091361017683,40
0.7,0.9,0.4,8,0,21,-943.2607017562805,40
0.7,0.9,0.4,8,0,22,-943.2607017562805,40
0.7,0.9,0.4,8,0,23,-685.7310747132395,40
0.7,0.9,0.4,8,0,24,-378.96840633910796,40
0.7,0.9,0.4,8,0,25,-941.9241587513835,40
0.7,0.9,0.4,8,1,0,-1391.9509075312722,40
0.7,0.9,0.4,8,1,1,-1391.9509075312722,40
0.7,0.9,0.4,8,1,2,-1414.4262275224796,40
0.7,0.9,0.4,8,1,3,-1391.9509075312722,40
0.7,0.9,0.4,8,1,4,-1391.9509075312722,40
0.7,0.9,0.4,8,1,5,-1391.9509075312722,40
0.7,0.9,0.4,8,1,6,-1391.9509075312722,40
0.7,0.9,0.4,8,1,7,-1391.9509075312722,40
0.7,0.9,0.4,8,1,8,-1391.9509075312722,40
0.7,0.9,0.4,8,1,9,-1396.766335051871,40
0.7,0.9,0.4,8,1,10,-1391.9509075312722,40
0.7,0.9,0.4,8,1,11,-1391.9509075312722,40
0.7,0.9,0.4,8,1,12,-1391.9509075312722,40
0.7,0.9,0.4,8,1,13,-1391.9509075312722,40
0.7,0.9,0.4,8,1,14,-1391.9509075312722,40
0.7,0.9,0.4,8,1,15,-1414.049045515625,40
0.7,0.9,0.4,8,1,16,-1388.0946486004896,40
0.7,0.9,0.4,8,1,17,-1415.761759152639,40
0.7,0.9,0.4,8,1,18,-1411.905500221856,40
0.7,0.9,0.4,8,1,19,-1414.049045515625,40
0.7,0.9,0.4,8,1,20,-1411.905500221856,40
0.7,0.9,0.4,8,1,21,-1392.366610638809,40
0.7,0.9,0.4,8,1,22,-1411.905500221856,40
0.7,0.9,0.4,8,1,23,-1411.905500221856,40
0.7,0.9,0.4,8,1,24,-1392.1148825727123,40
0.7,0.9,0.4,8,1,25,-1411.905500221856,40
0.7,0.9,0.4,8,2,0,-1395.6127281537777,40
0.7,0.9,0.4,8,2,1,-1609.4980708999274,40
0.7,0.9,0.4,8,2,2,-1387.7956077233785,40
0.7,0.9,0.4,8,2,3,-1387.7956077233785,40
0.7,0.9,0.4,8,2,4,-1391.9509075312722,40
0.7,0.9,0.4,8,2,5,-1387.7956077233785,40
0.7,0.9,0.4,8,2,6,-1387.7956077233785,40
0.7,0.9,0.4,8,2,7,-1390.4087765430043,40
0.7,0.9,0.4,8,2,8,-1391.9509075312722,40
0.7,0.9,0.4,8,2,9,-1367.5226972942912,40
0.7,0.9,0.4,8,2,10,-1386.4844141597011,40
0.7,0.9,0.4,8,2,11,-1391.9509075312722,40
0.7,0.9,0.4,8,2,12,-1393.8828224126703,40
0.7,0.9,0.4,8,2,13,-1391.9509075312722,40
0.7,0.9,0.4,8,2,14,-2785.849203194707,40
0.7,0.9,0.4,8,2,15,-1390.4087765430043,40
0.7,0.9,0.4,8,2,16,-1391.9509075312722,40
0.7,0.9,0.4,8,2,17,-1390.4087765430043,40
0.7,0.9,0.4,8,2,18,-1390.4087765430043,40
0.7,0.9,0.4,8,2,19,-1038.3651464085349,40
0.7,0.9,0.4,8,2,20,-961.0931097374029,40
0.7,0.9,0.4,8,2,21,-1293.135368684047,40
0.7,0.9,0.4,8,2,22,-913.8598779269532,40
0.7,0.9,0.4,8,2,23,-925.2521495163926,40
0.7,0.9,0.4,8,2,24,-926.7647676762023,40
0.7,0.9,0.4,8,2,25,-1222.5956321588255,40
0.7,0.9,0.4,8,3,0,-956.1076995932312,40
0.7,0.9,0.4,8,3,1,-946.5479048272181,40
0.7,0.9,0.4,8,3,2,-916.7929847071752,40
0.7,0.9,0.4,8,3,3,-711.784685753283,40
0.7,0.9,0.4,8,3,4,-711.784685753283,40
0.7,0.9,0.4,8,3,5,-1001.0587673284305,40
0.7,0.9,0.4,8,3,6,-1283.0937792237098,40
0.7,0.9,0.4,8,3,7,-660.2988403287643,40
0.7,0.9,0.4,8,3,8,-660.2988403287643,40
0.7,0.9,0.4,8,3,9,-660.2988403287643,40
0.7,0.9,0.4,8,3,10,-660.2988403287643,40
0.7,0.9,0.4,8,3,11,-910.0121361828363,40
0.7,0.9,0.4,8,3,12,-978.7785418848678,40
0.7,0.9,0.4,8,3,13,-1116.7342974969151,40
0.7,0.9,0.4,8,3,14,-910.4678152738875,40
0.7,0.9,0.4,8,3,15,-1256.8020462248166,40
0.7,0.9,0.4,8,3,16,-877.1775874831851,40
0.7,0.9,0.4,8,3,17,-805.4439586754481,40
0.7,0.9,0.4,8,3,18,-1108.171686023884,40
0.7,0.9,0.4,8,3,19,-808.7636220206649,40
0.7,0.9,0.4,8,3,20,-1237.590743333591,40
0.7,0.9,0.4,8,3,21,-1083.0784652705852,40
0.7,0.9,0.4,8,3,22,-1253.0062270290935,40
0.7,0.9,0.4,8,3,23,-849.9416370505337,40
0.7,0.9,0.4,8,3,24,-1186.0100033904955,40
0.7,0.9,0.4,8,3,25,-862.4447483387917,40
0.7,0.9,0.4,8,4,0,-1209.118296797489,40
0.7,0.9,0.4,8,4,1,-1391.9509075312722,40
0.7,0.9,0.4,8,4,2,-1392.4777699036558,40
0.7,0.9,0.4,8,4,3,-1391.1176355368264,40
0.7,0.9,0.4,8,4,4,-1391.1176355368264,40
0.7,0.9,0.4,8,4,5,-1391.1176355368264,40
0.7,0.9,0.4,8,4,6,-1386.4844141597011,40
0.7,0.9,0.4,8,4,7,-1391.1176355368264,40
0.7,0.9,0.4,8,4,8,-1391.1176355368264,40
0.7,0.9,0.4,8,4,9,-1411.07222822741,40
0.7,0.9,0.4,8,4,10,-1392.4777699036558,40
0.7,0.9,0.4,8,4,11,-1391.1176355368264,40
0.7,0.9,0.4,8,4,12,-1391.9509075312722,40
0.7,0.9,0.4,8,4,13,-1391.9509075312722,40
0.7,0.9,0.4,8,4,14,-1392.4777699036558,40
0.7,0.9,0.4,8,4,15,-1391.1176355368264,40
0.7,0.9,0.4,8,4,16,-1392.4777699036558,40
0.7,0.9,0.4,8,4,17,-1134.8472508281718,40
0.7,0.9,0.4,8,4,18,-1134.8472508281718,40
0.7,0.9,0.4,8,4,19,-1392.4777699036558,40
0.7,0.9,0.4,8,4,20,-1391.1176355368264,40
0.7,0.9,0.4,8,4,21,-1391.1176355368264,40
0.7,0.9,0.4,8,4,22,-1391.1176355368264,40
0.7,0.9,0.4,8,4,23,-1392.4777699036558,40
0.7,0.9,0.4,8,4,24,-1392.4777699036558,40
0.7,0.9,0.4,8,4,25,-1391.9509075312722,40
0.9,0.1,0.4,8,0,0,-1354.0403351059017,40
0.9,0.1,0.4,8,0,1,-1103.7574790711965,40
0.9,0.1,0.4,8,0,2,-3693.115108801548,40
0.9,0.1,0.4,8,0,3,-1154.724739966262,40
0.9,0.1,0.4,8,0,4,-1154.724739966262,40
0.9,0.1,0.4,8,0,5,-1154.724739966262,40
0.9,0.1,0.4,8,0,6,-1510.4624188100615,40
0.9,0.1,0.4,8,0,7,-1231.7898548604294,40
0.9,0.1,0.4,8,0,8,-1061.9780160739233,40
0.9,0.1,0.4,8,0,9,-1054.9916526760308,40
0.9,0.1,0.4,8,0,10,-1054.9916526760308,40
0.9,0.1,0.4,8,0,11,-958.977912060825,40
0.9,0.1,0.4,8,0,12,-958.977912060825,40
0.9,0.1,0.4,8,0,13,-958.977912060825,40
0.9,0.1,0.4,8,0,14,-1077.8566247494032,40
0.9,0.1,0.4,8,0,15,-2770.740696671287,40
0.9,0.1,0.4,8,0,16,-1063.6803894561713,40
0.9,0.1,0.4,8,0,17,-1095.6046815723005,40
0.9,0.1,0.4,8,0,18,-1267.704710728658,40
0.9,0.1,0.4,8,0,19,-940.8375301850531,40
0.9,0.1,0.4,8,0,20,-1079.4720089733191,40
0.9,0.1,0.4,8,0,21,-1079.0526601080915,40
0.9,0.1,0.4,8,0,22,-1042.1075235200556,40
0.9,0.1,0.4,8,0,23,-1095.6046815723005,40
0.9,0.1,0.4,8,0,24,-1099.158616808531,40
0.9,0.1,0.4,8,0,25,-1025.7316082724842,40
